categoria_clusterizacion_numerica,probabilidad_simular,Tratamiento
101,0.015937934119752303,"Ejecutivo=0.0, Correos=0"
101,0.01768971768971769,"Ejecutivo=0.0, Correos=1"
101,0.013672859127404582,"Ejecutivo=0.0, Correos=2"
101,0.035393562666289936,"Ejecutivo=0.0, Correos=3"
101,0.05663864754773846,"Ejecutivo=0.0, Correos=4"
101,0.016924489651762378,"Ejecutivo=1.0, Correos=0"
101,0.018372536554354738,"Ejecutivo=1.0, Correos=1"
101,0.10727790727790727,"Ejecutivo=1.0, Correos=2"
76,0.006561639409837074,"Ejecutivo=0.0, Correos=0"
76,0.007092416806412406,"Ejecutivo=0.0, Correos=1"
76,0.005977015031000477,"Ejecutivo=0.0, Correos=2"
76,0.015095104027241445,"Ejecutivo=0.0, Correos=3"
76,0.024118319769022088,"Ejecutivo=0.0, Correos=4"
76,0.011343764263039945,"Ejecutivo=1.0, Correos=0"
76,0.01232583065380493,"Ejecutivo=1.0, Correos=1"
76,0.07196264557916275,"Ejecutivo=1.0, Correos=2"
72,0.014113701924418184,"Ejecutivo=0.0, Correos=0"
72,0.01561462535500466,"Ejecutivo=0.0, Correos=1"
72,0.011834418573508981,"Ejecutivo=0.0, Correos=2"
72,0.031028383633797,"Ejecutivo=0.0, Correos=3"
72,0.049363083979176776,"Ejecutivo=0.0, Correos=4"
72,0.0206948884908745,"Ejecutivo=1.0, Correos=0"
72,0.023222465866546145,"Ejecutivo=1.0, Correos=1"
72,0.1339504416285856,"Ejecutivo=1.0, Correos=2"
82,0.016025309372976,"Ejecutivo=0.0, Correos=0"
82,0.01829410840413749,"Ejecutivo=0.0, Correos=1"
82,0.013986456189567356,"Ejecutivo=0.0, Correos=2"
82,0.03542699027712307,"Ejecutivo=0.0, Correos=3"
82,0.056700813625057966,"Ejecutivo=0.0, Correos=4"
82,0.016925930610008008,"Ejecutivo=1.0, Correos=0"
82,0.0181618895416796,"Ejecutivo=1.0, Correos=1"
82,0.10591688990576052,"Ejecutivo=1.0, Correos=2"
52,0.011327126688572471,"Ejecutivo=0.0, Correos=0"
52,0.014260679079956188,"Ejecutivo=0.0, Correos=1"
52,0.012225264695144213,"Ejecutivo=0.0, Correos=2"
52,0.032223439211391015,"Ejecutivo=0.0, Correos=3"
52,0.052586710478276746,"Ejecutivo=0.0, Correos=4"
52,0.013683826213946695,"Ejecutivo=1.0, Correos=0"
52,0.015553121577217962,"Ejecutivo=1.0, Correos=1"
52,0.09354143848119752,"Ejecutivo=1.0, Correos=2"
91,0.01672410247149529,"Ejecutivo=0.0, Correos=0"
91,0.018843458588533906,"Ejecutivo=0.0, Correos=1"
91,0.014890671321725783,"Ejecutivo=0.0, Correos=2"
91,0.036859239640236165,"Ejecutivo=0.0, Correos=3"
91,0.058729991522575534,"Ejecutivo=0.0, Correos=4"
91,0.015911473617151485,"Ejecutivo=1.0, Correos=0"
91,0.017065205941219845,"Ejecutivo=1.0, Correos=1"
91,0.09803464206708702,"Ejecutivo=1.0, Correos=2"
94,0.006450002496130997,"Ejecutivo=0.0, Correos=0"
94,0.00749338525285807,"Ejecutivo=0.0, Correos=1"
94,0.006200389396435525,"Ejecutivo=0.0, Correos=2"
94,0.015233887474414657,"Ejecutivo=0.0, Correos=3"
94,0.02452199091408317,"Ejecutivo=0.0, Correos=4"
94,0.010636014178024063,"Ejecutivo=1.0, Correos=0"
94,0.011452249014028255,"Ejecutivo=1.0, Correos=1"
94,0.06811941490689431,"Ejecutivo=1.0, Correos=2"
50,0.006215747904577692,"Ejecutivo=0.0, Correos=0"
50,0.00860763792944644,"Ejecutivo=0.0, Correos=1"
50,0.007824732891222253,"Ejecutivo=0.0, Correos=2"
50,0.021047768720641062,"Ejecutivo=0.0, Correos=3"
50,0.034774511835682045,"Ejecutivo=0.0, Correos=4"
50,0.011683130699088147,"Ejecutivo=1.0, Correos=0"
50,0.01344322787141936,"Ejecutivo=1.0, Correos=1"
50,0.08273032375425993,"Ejecutivo=1.0, Correos=2"
79,0.011467466543608676,"Ejecutivo=0.0, Correos=0"
79,0.012669845664769523,"Ejecutivo=0.0, Correos=1"
79,0.00992411423883505,"Ejecutivo=0.0, Correos=2"
79,0.02554222427318874,"Ejecutivo=0.0, Correos=3"
79,0.04093216428241809,"Ejecutivo=0.0, Correos=4"
79,0.01383889658001333,"Ejecutivo=1.0, Correos=0"
79,0.014992565246372352,"Ejecutivo=1.0, Correos=1"
79,0.08774547505511973,"Ejecutivo=1.0, Correos=2"
29,0.01596089580527707,"Ejecutivo=0.0, Correos=0"
29,0.018842472306485475,"Ejecutivo=0.0, Correos=1"
29,0.015695636599422323,"Ejecutivo=0.0, Correos=2"
29,0.040719555271403245,"Ejecutivo=0.0, Correos=3"
29,0.06683738477094754,"Ejecutivo=0.0, Correos=4"
29,0.017673744779834858,"Ejecutivo=1.0, Correos=0"
29,0.019835493948916066,"Ejecutivo=1.0, Correos=1"
29,0.12017262252934854,"Ejecutivo=1.0, Correos=2"
26,0.011295274993905131,"Ejecutivo=0.0, Correos=0"
26,0.013685452041616425,"Ejecutivo=0.0, Correos=1"
26,0.011766391903378205,"Ejecutivo=0.0, Correos=2"
26,0.031449524600209534,"Ejecutivo=0.0, Correos=3"
26,0.05168613730257566,"Ejecutivo=0.0, Correos=4"
26,0.014487668597257638,"Ejecutivo=1.0, Correos=0"
26,0.016294714924851912,"Ejecutivo=1.0, Correos=1"
26,0.10049121350491214,"Ejecutivo=1.0, Correos=2"
84,0.005578156554599326,"Ejecutivo=0.0, Correos=0"
84,0.00624557157528521,"Ejecutivo=0.0, Correos=1"
84,0.004851032436635379,"Ejecutivo=0.0, Correos=2"
84,0.012680885393031815,"Ejecutivo=0.0, Correos=3"
84,0.02041122318729815,"Ejecutivo=0.0, Correos=4"
84,0.014549116703420933,"Ejecutivo=1.0, Correos=0"
84,0.016110841314449335,"Ejecutivo=1.0, Correos=1"
84,0.09437354542004686,"Ejecutivo=1.0, Correos=2"
107,0.011243265079879558,"Ejecutivo=0.0, Correos=0"
107,0.012784017511966667,"Ejecutivo=0.0, Correos=1"
107,0.009817599338603834,"Ejecutivo=0.0, Correos=2"
107,0.02482349459562295,"Ejecutivo=0.0, Correos=3"
107,0.03989985109191434,"Ejecutivo=0.0, Correos=4"
107,0.014108688810285461,"Ejecutivo=1.0, Correos=0"
107,0.015651789950348313,"Ejecutivo=1.0, Correos=1"
107,0.09049806701333596,"Ejecutivo=1.0, Correos=2"
71,0.011396122459587297,"Ejecutivo=0.0, Correos=0"
71,0.012682571859244244,"Ejecutivo=0.0, Correos=1"
71,0.009667862154997662,"Ejecutivo=0.0, Correos=2"
71,0.023766827797702582,"Ejecutivo=0.0, Correos=3"
71,0.037865793440407504,"Ejecutivo=0.0, Correos=4"
71,0.01567129268673008,"Ejecutivo=1.0, Correos=0"
71,0.015541348302926347,"Ejecutivo=1.0, Correos=1"
71,0.09567804979468787,"Ejecutivo=1.0, Correos=2"
80,0.011111365929731217,"Ejecutivo=0.0, Correos=0"
80,0.012241486509902252,"Ejecutivo=0.0, Correos=1"
80,0.009841095108501768,"Ejecutivo=0.0, Correos=2"
80,0.024751806664016555,"Ejecutivo=0.0, Correos=3"
80,0.039997604704971004,"Ejecutivo=0.0, Correos=4"
80,0.014347562405080064,"Ejecutivo=1.0, Correos=0"
80,0.01557706224709252,"Ejecutivo=1.0, Correos=1"
80,0.09195257315842584,"Ejecutivo=1.0, Correos=2"
38,0.016270778924677695,"Ejecutivo=0.0, Correos=0"
38,0.019578047921071175,"Ejecutivo=0.0, Correos=1"
38,0.016439186668324834,"Ejecutivo=0.0, Correos=2"
38,0.04245688761762633,"Ejecutivo=0.0, Correos=3"
38,0.06984128217883348,"Ejecutivo=0.0, Correos=4"
38,0.016199529494673133,"Ejecutivo=1.0, Correos=0"
38,0.018349966836628942,"Ejecutivo=1.0, Correos=1"
38,0.11115429258384114,"Ejecutivo=1.0, Correos=2"
43,0.01176586513442524,"Ejecutivo=0.0, Correos=0"
43,0.01429394031771839,"Ejecutivo=0.0, Correos=1"
43,0.012725055657684456,"Ejecutivo=0.0, Correos=2"
43,0.03277721837827518,"Ejecutivo=0.0, Correos=3"
43,0.053659242562809274,"Ejecutivo=0.0, Correos=4"
43,0.01279741834563499,"Ejecutivo=1.0, Correos=0"
43,0.014869762558005623,"Ejecutivo=1.0, Correos=1"
43,0.09024858892758496,"Ejecutivo=1.0, Correos=2"
24,0.00957338143568122,"Ejecutivo=0.0, Correos=0"
24,0.012159607067567862,"Ejecutivo=0.0, Correos=1"
24,0.010413723657806852,"Ejecutivo=0.0, Correos=2"
24,0.027695071682640415,"Ejecutivo=0.0, Correos=3"
24,0.045599432044567116,"Ejecutivo=0.0, Correos=4"
24,0.01742261245010468,"Ejecutivo=1.0, Correos=0"
24,0.020374676721796013,"Ejecutivo=1.0, Correos=1"
24,0.12437427103934395,"Ejecutivo=1.0, Correos=2"
22,0.006352924474730267,"Ejecutivo=0.0, Correos=0"
22,0.00828558153941459,"Ejecutivo=0.0, Correos=1"
22,0.007966160755768933,"Ejecutivo=0.0, Correos=2"
22,0.021439910175003872,"Ejecutivo=0.0, Correos=3"
22,0.035939677868979406,"Ejecutivo=0.0, Correos=4"
22,0.011299106912394817,"Ejecutivo=1.0, Correos=0"
22,0.013312425791131071,"Ejecutivo=1.0, Correos=1"
22,0.08096510247276857,"Ejecutivo=1.0, Correos=2"
44,0.011402450508783451,"Ejecutivo=0.0, Correos=0"
44,0.014298876553202104,"Ejecutivo=0.0, Correos=1"
44,0.012194004550799444,"Ejecutivo=0.0, Correos=2"
44,0.03220046933300755,"Ejecutivo=0.0, Correos=3"
44,0.05320083074996564,"Ejecutivo=0.0, Correos=4"
44,0.01357731523194315,"Ejecutivo=1.0, Correos=0"
44,0.015843806789548432,"Ejecutivo=1.0, Correos=1"
44,0.09467724447566545,"Ejecutivo=1.0, Correos=2"
102,0.004866076495289979,"Ejecutivo=0.0, Correos=0"
102,0.0064124389967086595,"Ejecutivo=0.0, Correos=1"
102,0.005149812734082397,"Ejecutivo=0.0, Correos=2"
102,0.014002383384405856,"Ejecutivo=0.0, Correos=3"
102,0.022074679378050164,"Ejecutivo=0.0, Correos=4"
102,0.01420099875156055,"Ejecutivo=1.0, Correos=0"
102,0.014938712972420838,"Ejecutivo=1.0, Correos=1"
102,0.09141981613891727,"Ejecutivo=1.0, Correos=2"
35,0.011049265139736747,"Ejecutivo=0.0, Correos=0"
35,0.013551895650066969,"Ejecutivo=0.0, Correos=1"
35,0.011583219475423517,"Ejecutivo=0.0, Correos=2"
35,0.031091622525693748,"Ejecutivo=0.0, Correos=3"
35,0.05063479991295198,"Ejecutivo=0.0, Correos=4"
35,0.01483966787142918,"Ejecutivo=1.0, Correos=0"
35,0.01688574498969109,"Ejecutivo=1.0, Correos=1"
35,0.1027469482714911,"Ejecutivo=1.0, Correos=2"
33,0.00957195744456257,"Ejecutivo=0.0, Correos=0"
33,0.011816975427326262,"Ejecutivo=0.0, Correos=1"
33,0.01056157494326193,"Ejecutivo=0.0, Correos=2"
33,0.02732475287837318,"Ejecutivo=0.0, Correos=3"
33,0.04524908201195835,"Ejecutivo=0.0, Correos=4"
33,0.017749025462386995,"Ejecutivo=1.0, Correos=0"
33,0.020661328387130827,"Ejecutivo=1.0, Correos=1"
33,0.12313292165245387,"Ejecutivo=1.0, Correos=2"
95,0.006332068985464131,"Ejecutivo=0.0, Correos=0"
95,0.007257604680566229,"Ejecutivo=0.0, Correos=1"
95,0.005716422473989968,"Ejecutivo=0.0, Correos=2"
95,0.014818900761087835,"Ejecutivo=0.0, Correos=3"
95,0.02379948930262538,"Ejecutivo=0.0, Correos=4"
95,0.011139483187478825,"Ejecutivo=1.0, Correos=0"
95,0.01217038120501442,"Ejecutivo=1.0, Correos=1"
95,0.07163191775954252,"Ejecutivo=1.0, Correos=2"
106,0.011265726734224312,"Ejecutivo=0.0, Correos=0"
106,0.012783325990111127,"Ejecutivo=0.0, Correos=1"
106,0.010014319283301513,"Ejecutivo=0.0, Correos=2"
106,0.025349414989964264,"Ejecutivo=0.0, Correos=3"
106,0.040822196112987715,"Ejecutivo=0.0, Correos=4"
106,0.013480932099672003,"Ejecutivo=1.0, Correos=0"
106,0.014769055661624321,"Ejecutivo=1.0, Correos=1"
106,0.0868305429088951,"Ejecutivo=1.0, Correos=2"
30,0.005288490217131949,"Ejecutivo=0.0, Correos=0"
30,0.007188021951801479,"Ejecutivo=0.0, Correos=1"
30,0.006869258530183727,"Ejecutivo=0.0, Correos=2"
30,0.018294410641851586,"Ejecutivo=0.0, Correos=3"
30,0.03049503400143164,"Ejecutivo=0.0, Correos=4"
30,0.01434062574564543,"Ejecutivo=1.0, Correos=0"
30,0.01662975721784777,"Ejecutivo=1.0, Correos=1"
30,0.10331663087568599,"Ejecutivo=1.0, Correos=2"
78,0.00967690747006251,"Ejecutivo=0.0, Correos=0"
78,0.010867039574726128,"Ejecutivo=0.0, Correos=1"
78,0.008594453984392268,"Ejecutivo=0.0, Correos=2"
78,0.021683073487823817,"Ejecutivo=0.0, Correos=3"
78,0.0347433565125729,"Ejecutivo=0.0, Correos=4"
78,0.017633790684099267,"Ejecutivo=1.0, Correos=0"
78,0.019625845135476706,"Ejecutivo=1.0, Correos=1"
78,0.11500926602852916,"Ejecutivo=1.0, Correos=2"
19,0.016806667713403466,"Ejecutivo=0.0, Correos=0"
19,0.019354817606112944,"Ejecutivo=0.0, Correos=1"
19,0.01638470194169676,"Ejecutivo=0.0, Correos=2"
19,0.04269704820222955,"Ejecutivo=0.0, Correos=3"
19,0.0691435076150102,"Ejecutivo=0.0, Correos=4"
19,0.016476291411524572,"Ejecutivo=1.0, Correos=0"
19,0.018232846600722247,"Ejecutivo=1.0, Correos=1"
19,0.11184382686973361,"Ejecutivo=1.0, Correos=2"
83,0.01575949482266019,"Ejecutivo=0.0, Correos=0"
83,0.017494925230908197,"Ejecutivo=0.0, Correos=1"
83,0.01379245311111883,"Ejecutivo=0.0, Correos=2"
83,0.0345076026410306,"Ejecutivo=0.0, Correos=3"
83,0.0556222816691234,"Ejecutivo=0.0, Correos=4"
83,0.017559445522539914,"Ejecutivo=1.0, Correos=0"
83,0.01922539253979992,"Ejecutivo=1.0, Correos=1"
83,0.11168793354740836,"Ejecutivo=1.0, Correos=2"
89,0.010919280380843794,"Ejecutivo=0.0, Correos=0"
89,0.012068462765835454,"Ejecutivo=0.0, Correos=1"
89,0.00970211357820829,"Ejecutivo=0.0, Correos=2"
89,0.02461199736580859,"Ejecutivo=0.0, Correos=3"
89,0.039349872385876276,"Ejecutivo=0.0, Correos=4"
89,0.014870567497878559,"Ejecutivo=1.0, Correos=0"
89,0.016148346913835075,"Ejecutivo=1.0, Correos=1"
89,0.09491771428196988,"Ejecutivo=1.0, Correos=2"
75,0.0054928782570309405,"Ejecutivo=0.0, Correos=0"
75,0.006054459401315385,"Ejecutivo=0.0, Correos=1"
75,0.005244217949362703,"Ejecutivo=0.0, Correos=2"
75,0.012430221447370627,"Ejecutivo=0.0, Correos=3"
75,0.02010795768863259,"Ejecutivo=0.0, Correos=4"
75,0.014497734117870574,"Ejecutivo=1.0, Correos=0"
75,0.016411580306103634,"Ejecutivo=1.0, Correos=1"
75,0.09269162210338681,"Ejecutivo=1.0, Correos=2"
104,0.00630228667038483,"Ejecutivo=0.0, Correos=0"
104,0.0072480944413459755,"Ejecutivo=0.0, Correos=1"
104,0.0056376649934932145,"Ejecutivo=0.0, Correos=2"
104,0.014414854062093327,"Ejecutivo=0.0, Correos=3"
104,0.023519706265105036,"Ejecutivo=0.0, Correos=4"
104,0.011647146309722996,"Ejecutivo=1.0, Correos=0"
104,0.012948503439300985,"Ejecutivo=1.0, Correos=1"
104,0.0751928797174196,"Ejecutivo=1.0, Correos=2"
47,0.016141541444498305,"Ejecutivo=0.0, Correos=0"
47,0.01931726376709411,"Ejecutivo=0.0, Correos=1"
47,0.015834545160769105,"Ejecutivo=0.0, Correos=2"
47,0.041468000411286884,"Ejecutivo=0.0, Correos=3"
47,0.06811498406263312,"Ejecutivo=0.0, Correos=4"
47,0.016902422185989807,"Ejecutivo=1.0, Correos=0"
47,0.019110151441707426,"Ejecutivo=1.0, Correos=1"
47,0.1155275488770399,"Ejecutivo=1.0, Correos=2"
86,0.006056745588151371,"Ejecutivo=0.0, Correos=0"
86,0.006772611458553632,"Ejecutivo=0.0, Correos=1"
86,0.005741193926637596,"Ejecutivo=0.0, Correos=2"
86,0.014350047500595856,"Ejecutivo=0.0, Correos=3"
86,0.023351662185161687,"Ejecutivo=0.0, Correos=4"
86,0.011973339241534655,"Ejecutivo=1.0, Correos=0"
86,0.013328700766387706,"Ejecutivo=1.0, Correos=1"
86,0.07766431345693559,"Ejecutivo=1.0, Correos=2"
34,0.011349430203845478,"Ejecutivo=0.0, Correos=0"
34,0.014100259326989637,"Ejecutivo=0.0, Correos=1"
34,0.011816942007872795,"Ejecutivo=0.0, Correos=2"
34,0.031682319271818075,"Ejecutivo=0.0, Correos=3"
34,0.052307080350039774,"Ejecutivo=0.0, Correos=4"
34,0.01440762896610152,"Ejecutivo=1.0, Correos=0"
34,0.016104619326576367,"Ejecutivo=1.0, Correos=1"
34,0.09735610451600905,"Ejecutivo=1.0, Correos=2"
88,0.011337894423723772,"Ejecutivo=0.0, Correos=0"
88,0.012468632969513916,"Ejecutivo=0.0, Correos=1"
88,0.010067958721369242,"Ejecutivo=0.0, Correos=2"
88,0.025091717578503384,"Ejecutivo=0.0, Correos=3"
88,0.040197469281285036,"Ejecutivo=0.0, Correos=4"
88,0.01405509919227513,"Ejecutivo=1.0, Correos=0"
88,0.01527164420444058,"Ejecutivo=1.0, Correos=1"
88,0.08992326995095684,"Ejecutivo=1.0, Correos=2"
73,0.016777333758781193,"Ejecutivo=0.0, Correos=0"
73,0.01833984167261787,"Ejecutivo=0.0, Correos=1"
73,0.014594381049336757,"Ejecutivo=0.0, Correos=2"
73,0.03605417369415364,"Ejecutivo=0.0, Correos=3"
73,0.058139475990052626,"Ejecutivo=0.0, Correos=4"
73,0.016336691332512827,"Ejecutivo=1.0, Correos=0"
73,0.01751680265803615,"Ejecutivo=1.0, Correos=1"
73,0.10284189040665724,"Ejecutivo=1.0, Correos=2"
41,0.006307264480181839,"Ejecutivo=0.0, Correos=0"
41,0.008648130827022297,"Ejecutivo=0.0, Correos=1"
41,0.007970511621357954,"Ejecutivo=0.0, Correos=2"
41,0.021447465025294432,"Ejecutivo=0.0, Correos=3"
41,0.035874845367045834,"Ejecutivo=0.0, Correos=4"
41,0.01120020316004385,"Ejecutivo=1.0, Correos=0"
41,0.012702531454605799,"Ejecutivo=1.0, Correos=1"
41,0.0785723983948345,"Ejecutivo=1.0, Correos=2"
40,0.006204464244280477,"Ejecutivo=0.0, Correos=0"
40,0.008677896886166412,"Ejecutivo=0.0, Correos=1"
40,0.008342227790926107,"Ejecutivo=0.0, Correos=2"
40,0.022138691663959657,"Ejecutivo=0.0, Correos=3"
40,0.03636673008801646,"Ejecutivo=0.0, Correos=4"
40,0.01041502312558974,"Ejecutivo=1.0, Correos=0"
40,0.0122573359939363,"Ejecutivo=1.0, Correos=1"
40,0.07559360836543072,"Ejecutivo=1.0, Correos=2"
20,0.016081303968176967,"Ejecutivo=0.0, Correos=0"
20,0.018982245076161832,"Ejecutivo=0.0, Correos=1"
20,0.016023091103133793,"Ejecutivo=0.0, Correos=2"
20,0.04142168752627664,"Ejecutivo=0.0, Correos=3"
20,0.06780181753500857,"Ejecutivo=0.0, Correos=4"
20,0.016999773616635943,"Ejecutivo=1.0, Correos=0"
20,0.019291096665696453,"Ejecutivo=1.0, Correos=1"
20,0.1189919472203357,"Ejecutivo=1.0, Correos=2"
77,0.006156722065812975,"Ejecutivo=0.0, Correos=0"
77,0.007086347995438905,"Ejecutivo=0.0, Correos=1"
77,0.005758130758130758,"Ejecutivo=0.0, Correos=2"
77,0.01426603699330972,"Ejecutivo=0.0, Correos=3"
77,0.023547159910796273,"Ejecutivo=0.0, Correos=4"
77,0.012117932572478026,"Ejecutivo=1.0, Correos=0"
77,0.01307026307026307,"Ejecutivo=1.0, Correos=1"
77,0.07566171202534838,"Ejecutivo=1.0, Correos=2"
37,0.017117366861612388,"Ejecutivo=0.0, Correos=0"
37,0.019855251313051825,"Ejecutivo=0.0, Correos=1"
37,0.01691616141744019,"Ejecutivo=0.0, Correos=2"
37,0.04370927452768885,"Ejecutivo=0.0, Correos=3"
37,0.07102999302487793,"Ejecutivo=0.0, Correos=4"
37,0.015141082276632148,"Ejecutivo=1.0, Correos=0"
37,0.01726044628857928,"Ejecutivo=1.0, Correos=1"
37,0.10555535683412921,"Ejecutivo=1.0, Correos=2"
42,0.009778481476594684,"Ejecutivo=0.0, Correos=0"
42,0.011786955183181598,"Ejecutivo=0.0, Correos=1"
42,0.010445529313453841,"Ejecutivo=0.0, Correos=2"
42,0.027642169151603113,"Ejecutivo=0.0, Correos=3"
42,0.0448241485977335,"Ejecutivo=0.0, Correos=4"
42,0.017533828854583572,"Ejecutivo=1.0, Correos=0"
42,0.020172699417982436,"Ejecutivo=1.0, Correos=1"
42,0.12215771649733914,"Ejecutivo=1.0, Correos=2"
31,0.006387531039652668,"Ejecutivo=0.0, Correos=0"
31,0.008670279500033838,"Ejecutivo=0.0, Correos=1"
31,0.007915436793636415,"Ejecutivo=0.0, Correos=2"
31,0.021359445685162917,"Ejecutivo=0.0, Correos=3"
31,0.03552706241247729,"Ejecutivo=0.0, Correos=4"
31,0.011447580078399525,"Ejecutivo=1.0, Correos=0"
31,0.013014529420645208,"Ejecutivo=1.0, Correos=1"
31,0.08217373876195384,"Ejecutivo=1.0, Correos=2"
49,0.0064034267574090585,"Ejecutivo=0.0, Correos=0"
49,0.008914787675849623,"Ejecutivo=0.0, Correos=1"
49,0.007818558703514457,"Ejecutivo=0.0, Correos=2"
49,0.021681778318946462,"Ejecutivo=0.0, Correos=3"
49,0.0359146354721576,"Ejecutivo=0.0, Correos=4"
49,0.010902495415769752,"Ejecutivo=1.0, Correos=0"
49,0.012404600900176121,"Ejecutivo=1.0, Correos=1"
49,0.07784856457422829,"Ejecutivo=1.0, Correos=2"
87,0.009607283598314989,"Ejecutivo=0.0, Correos=0"
87,0.010630520451148253,"Ejecutivo=0.0, Correos=1"
87,0.00856230466095937,"Ejecutivo=0.0, Correos=2"
87,0.0214050822122571,"Ejecutivo=0.0, Correos=3"
87,0.035093083299361325,"Ejecutivo=0.0, Correos=4"
87,0.017984780540834352,"Ejecutivo=1.0, Correos=0"
87,0.019755401549123523,"Ejecutivo=1.0, Correos=1"
87,0.11360782715042805,"Ejecutivo=1.0, Correos=2"
98,0.011255060065227723,"Ejecutivo=0.0, Correos=0"
98,0.012541586770899914,"Ejecutivo=0.0, Correos=1"
98,0.010144713768294083,"Ejecutivo=0.0, Correos=2"
98,0.025386367733582445,"Ejecutivo=0.0, Correos=3"
98,0.04021215398987168,"Ejecutivo=0.0, Correos=4"
98,0.013922349509153187,"Ejecutivo=1.0, Correos=0"
98,0.015131029057475785,"Ejecutivo=1.0, Correos=1"
98,0.08743055214120656,"Ejecutivo=1.0, Correos=2"
46,0.016515573767482163,"Ejecutivo=0.0, Correos=0"
46,0.019825664863832804,"Ejecutivo=0.0, Correos=1"
46,0.01646049737652791,"Ejecutivo=0.0, Correos=2"
46,0.04289716503456961,"Ejecutivo=0.0, Correos=3"
46,0.06965694751954293,"Ejecutivo=0.0, Correos=4"
46,0.016045588564672534,"Ejecutivo=1.0, Correos=0"
46,0.018268838879525903,"Ejecutivo=1.0, Correos=1"
46,0.11070721757744659,"Ejecutivo=1.0, Correos=2"
25,0.011453670833976437,"Ejecutivo=0.0, Correos=0"
25,0.014038946339455677,"Ejecutivo=0.0, Correos=1"
25,0.012376524154962185,"Ejecutivo=0.0, Correos=2"
25,0.03192686628594948,"Ejecutivo=0.0, Correos=3"
25,0.05241935483870968,"Ejecutivo=0.0, Correos=4"
25,0.013903894633945568,"Ejecutivo=1.0, Correos=0"
25,0.015653135771981273,"Ejecutivo=1.0, Correos=1"
25,0.09637225394865463,"Ejecutivo=1.0, Correos=2"
90,0.014427402189893138,"Ejecutivo=0.0, Correos=0"
90,0.01564522853443925,"Ejecutivo=0.0, Correos=1"
90,0.012320891756083646,"Ejecutivo=0.0, Correos=2"
90,0.03056634410725649,"Ejecutivo=0.0, Correos=3"
90,0.04802185504575077,"Ejecutivo=0.0, Correos=4"
90,0.02135036095933996,"Ejecutivo=1.0, Correos=0"
90,0.02429069843986571,"Ejecutivo=1.0, Correos=1"
90,0.13732912031246572,"Ejecutivo=1.0, Correos=2"
21,0.005506935762338513,"Ejecutivo=0.0, Correos=0"
21,0.007352503423230339,"Ejecutivo=0.0, Correos=1"
21,0.006656694647853783,"Ejecutivo=0.0, Correos=2"
21,0.018634279930940047,"Ejecutivo=0.0, Correos=3"
21,0.031236976841102576,"Ejecutivo=0.0, Correos=4"
21,0.014690123236292195,"Ejecutivo=1.0, Correos=0"
21,0.01665103887598976,"Ejecutivo=1.0, Correos=1"
21,0.10321039471334167,"Ejecutivo=1.0, Correos=2"
28,0.016307073464555122,"Ejecutivo=0.0, Correos=0"
28,0.019342029749809992,"Ejecutivo=0.0, Correos=1"
28,0.016438915688190555,"Ejecutivo=0.0, Correos=2"
28,0.04275565758247894,"Ejecutivo=0.0, Correos=3"
28,0.06861482940650318,"Ejecutivo=0.0, Correos=4"
28,0.016733621835140346,"Ejecutivo=1.0, Correos=0"
28,0.01885860826314674,"Ejecutivo=1.0, Correos=1"
28,0.11516806005801059,"Ejecutivo=1.0, Correos=2"
18,0.014623688567854638,"Ejecutivo=0.0, Correos=0"
18,0.016666305141609366,"Ejecutivo=0.0, Correos=1"
18,0.013929560457835333,"Ejecutivo=0.0, Correos=2"
18,0.03627180899908173,"Ejecutivo=0.0, Correos=3"
18,0.05916357562742674,"Ejecutivo=0.0, Correos=4"
18,0.02061054351677115,"Ejecutivo=1.0, Correos=0"
18,0.023712428508419918,"Ejecutivo=1.0, Correos=1"
18,0.14643933971063536,"Ejecutivo=1.0, Correos=2"
97,0.011719459754103325,"Ejecutivo=0.0, Correos=0"
97,0.012688510689843134,"Ejecutivo=0.0, Correos=1"
97,0.010036238467284436,"Ejecutivo=0.0, Correos=2"
97,0.025990248924959117,"Ejecutivo=0.0, Correos=3"
97,0.04192659439161771,"Ejecutivo=0.0, Correos=4"
97,0.013034239799729473,"Ejecutivo=1.0, Correos=0"
97,0.0142076999172269,"Ejecutivo=1.0, Correos=1"
97,0.08311378273070479,"Ejecutivo=1.0, Correos=2"
81,0.013930891015511152,"Ejecutivo=0.0, Correos=0"
81,0.015615432539459717,"Ejecutivo=0.0, Correos=1"
81,0.012088590840907085,"Ejecutivo=0.0, Correos=2"
81,0.030440734887924512,"Ejecutivo=0.0, Correos=3"
81,0.048901170890052914,"Ejecutivo=0.0, Correos=4"
81,0.02099526991435577,"Ejecutivo=1.0, Correos=0"
81,0.023393736179406346,"Ejecutivo=1.0, Correos=1"
81,0.13510290409610978,"Ejecutivo=1.0, Correos=2"
32,0.006135177276116874,"Ejecutivo=0.0, Correos=0"
32,0.008185885702664226,"Ejecutivo=0.0, Correos=1"
32,0.007591575712381082,"Ejecutivo=0.0, Correos=2"
32,0.020653966962691794,"Ejecutivo=0.0, Correos=3"
32,0.03444625223148713,"Ejecutivo=0.0, Correos=4"
32,0.011787901385216822,"Ejecutivo=1.0, Correos=0"
32,0.013999050911802589,"Ejecutivo=1.0, Correos=1"
32,0.08591846880437484,"Ejecutivo=1.0, Correos=2"
74,0.016140638661704284,"Ejecutivo=0.0, Correos=0"
74,0.01744055586935832,"Ejecutivo=0.0, Correos=1"
74,0.014059223608972524,"Ejecutivo=0.0, Correos=2"
74,0.03495590856217293,"Ejecutivo=0.0, Correos=3"
74,0.05649739371758267,"Ejecutivo=0.0, Correos=4"
74,0.01708462615773876,"Ejecutivo=1.0, Correos=0"
74,0.018770133886313985,"Ejecutivo=1.0, Correos=1"
74,0.1085895124536711,"Ejecutivo=1.0, Correos=2"
53,0.011168160967472893,"Ejecutivo=0.0, Correos=0"
53,0.013809250764525993,"Ejecutivo=0.0, Correos=1"
53,0.011813953757761097,"Ejecutivo=0.0, Correos=2"
53,0.0312297284774349,"Ejecutivo=0.0, Correos=3"
53,0.05150993883792049,"Ejecutivo=0.0, Correos=4"
53,0.014211785284032991,"Ejecutivo=1.0, Correos=0"
53,0.016286720415160782,"Ejecutivo=1.0, Correos=1"
53,0.09871941896024465,"Ejecutivo=1.0, Correos=2"
23,0.006305247678892109,"Ejecutivo=0.0, Correos=0"
23,0.008197319896301165,"Ejecutivo=0.0, Correos=1"
23,0.007840481714947703,"Ejecutivo=0.0, Correos=2"
23,0.02097544621369794,"Ejecutivo=0.0, Correos=3"
23,0.03488383672412591,"Ejecutivo=0.0, Correos=4"
23,0.011674417523908158,"Ejecutivo=1.0, Correos=0"
23,0.013654454502302021,"Ejecutivo=1.0, Correos=1"
23,0.08402626329014762,"Ejecutivo=1.0, Correos=2"
27,0.013985005767012688,"Ejecutivo=0.0, Correos=0"
27,0.01681608472265912,"Ejecutivo=0.0, Correos=1"
27,0.014031815934930122,"Ejecutivo=0.0, Correos=2"
27,0.0364370347069309,"Ejecutivo=0.0, Correos=3"
27,0.05991701493431597,"Ejecutivo=0.0, Correos=4"
27,0.021012148174777933,"Ejecutivo=1.0, Correos=0"
27,0.023811396216240507,"Ejecutivo=1.0, Correos=1"
27,0.14408356925657964,"Ejecutivo=1.0, Correos=2"
70,0.01167929292929293,"Ejecutivo=0.0, Correos=0"
70,0.011507116620752985,"Ejecutivo=0.0, Correos=1"
70,0.009871441689623508,"Ejecutivo=0.0, Correos=2"
70,0.023731634527089072,"Ejecutivo=0.0, Correos=3"
70,0.038050964187327826,"Ejecutivo=0.0, Correos=4"
70,0.014376721763085399,"Ejecutivo=1.0, Correos=0"
70,0.01535238751147842,"Ejecutivo=1.0, Correos=1"
70,0.09366391184573003,"Ejecutivo=1.0, Correos=2"
103,0.006139450169300916,"Ejecutivo=0.0, Correos=0"
103,0.007040962264842862,"Ejecutivo=0.0, Correos=1"
103,0.005824684929162541,"Ejecutivo=0.0, Correos=2"
103,0.0146350556798318,"Ejecutivo=0.0, Correos=3"
103,0.023928270196926914,"Ejecutivo=0.0, Correos=4"
103,0.011249037368440353,"Ejecutivo=1.0, Correos=0"
103,0.012486706516557262,"Ejecutivo=1.0, Correos=1"
103,0.07065410050484677,"Ejecutivo=1.0, Correos=2"
96,0.010281385281385282,"Ejecutivo=0.0, Correos=0"
96,0.010800424065730188,"Ejecutivo=0.0, Correos=1"
96,0.00892304973937627,"Ejecutivo=0.0, Correos=2"
96,0.021335807050092765,"Ejecutivo=0.0, Correos=3"
96,0.03445534057778956,"Ejecutivo=0.0, Correos=4"
96,0.0169847159643078,"Ejecutivo=1.0, Correos=0"
96,0.01956886650764202,"Ejecutivo=1.0, Correos=1"
96,0.117026680802191,"Ejecutivo=1.0, Correos=2"
92,0.016622337709030443,"Ejecutivo=0.0, Correos=0"
92,0.018460865905924554,"Ejecutivo=0.0, Correos=1"
92,0.014360948026850683,"Ejecutivo=0.0, Correos=2"
92,0.03590645568534203,"Ejecutivo=0.0, Correos=3"
92,0.05772365695515217,"Ejecutivo=0.0, Correos=4"
92,0.016309787915558444,"Ejecutivo=1.0, Correos=0"
92,0.017690726872336686,"Ejecutivo=1.0, Correos=1"
92,0.10366234816821307,"Ejecutivo=1.0, Correos=2"
85,0.006240881209371252,"Ejecutivo=0.0, Correos=0"
85,0.0070964242882569075,"Ejecutivo=0.0, Correos=1"
85,0.005601133594579523,"Ejecutivo=0.0, Correos=2"
85,0.015021655934184292,"Ejecutivo=0.0, Correos=3"
85,0.0236305581654712,"Ejecutivo=0.0, Correos=4"
85,0.011635767811719412,"Ejecutivo=1.0, Correos=0"
85,0.012808320156442163,"Ejecutivo=1.0, Correos=1"
85,0.07350222670363835,"Ejecutivo=1.0, Correos=2"
65,0.015254762273501626,"Ejecutivo=0.0, Correos=0"
65,0.01711321046925817,"Ejecutivo=0.0, Correos=1"
65,0.013628620102214651,"Ejecutivo=0.0, Correos=2"
65,0.03452325641422745,"Ejecutivo=0.0, Correos=3"
65,0.05525011615301224,"Ejecutivo=0.0, Correos=4"
65,0.016790563213050436,"Ejecutivo=1.0, Correos=0"
65,0.020571989055805068,"Ejecutivo=1.0, Correos=1"
65,0.11535284703938878,"Ejecutivo=1.0, Correos=2"
63,0.014874014874014874,"Ejecutivo=0.0, Correos=0"
63,0.015318015318015318,"Ejecutivo=0.0, Correos=1"
63,0.011636511636511637,"Ejecutivo=0.0, Correos=2"
63,0.028823028823028823,"Ejecutivo=0.0, Correos=3"
63,0.04754504754504754,"Ejecutivo=0.0, Correos=4"
63,0.021275021275021275,"Ejecutivo=1.0, Correos=0"
63,0.02442002442002442,"Ejecutivo=1.0, Correos=1"
63,0.14037814037814036,"Ejecutivo=1.0, Correos=2"
36,0.013565981406716476,"Ejecutivo=0.0, Correos=0"
36,0.016327130415951244,"Ejecutivo=0.0, Correos=1"
36,0.01403777437468096,"Ejecutivo=0.0, Correos=2"
36,0.03582532832149984,"Ejecutivo=0.0, Correos=3"
36,0.058950918062709794,"Ejecutivo=0.0, Correos=4"
36,0.021710210837316505,"Ejecutivo=1.0, Correos=0"
36,0.024641514687456494,"Ejecutivo=1.0, Correos=1"
36,0.14682815907930763,"Ejecutivo=1.0, Correos=2"
12,0.005440771349862259,"Ejecutivo=0.0, Correos=0"
12,0.006818181818181818,"Ejecutivo=0.0, Correos=1"
12,0.005578512396694215,"Ejecutivo=0.0, Correos=2"
12,0.019421487603305785,"Ejecutivo=0.0, Correos=3"
12,0.03140495867768595,"Ejecutivo=0.0, Correos=4"
12,0.014325068870523415,"Ejecutivo=1.0, Correos=0"
12,0.016322314049586777,"Ejecutivo=1.0, Correos=1"
12,0.10619834710743802,"Ejecutivo=1.0, Correos=2"
51,0.01023976023976024,"Ejecutivo=0.0, Correos=0"
51,0.011627261627261628,"Ejecutivo=0.0, Correos=1"
51,0.009943759943759943,"Ejecutivo=0.0, Correos=2"
51,0.028397528397528397,"Ejecutivo=0.0, Correos=3"
51,0.04588004588004588,"Ejecutivo=0.0, Correos=4"
51,0.017547267547267546,"Ejecutivo=1.0, Correos=0"
51,0.01924001924001924,"Ejecutivo=1.0, Correos=1"
51,0.11822436822436823,"Ejecutivo=1.0, Correos=2"
100,0.017142160013330476,"Ejecutivo=0.0, Correos=0"
100,0.018207407936394582,"Ejecutivo=0.0, Correos=1"
100,0.014113047204170535,"Ejecutivo=0.0, Correos=2"
100,0.03595658073270014,"Ejecutivo=0.0, Correos=3"
100,0.05813337618129449,"Ejecutivo=0.0, Correos=4"
100,0.016181056440286605,"Ejecutivo=1.0, Correos=0"
100,0.01785629269918351,"Ejecutivo=1.0, Correos=1"
100,0.1027607179413935,"Ejecutivo=1.0, Correos=2"
67,0.0065889354466508775,"Ejecutivo=0.0, Correos=0"
67,0.006831845509200219,"Ejecutivo=0.0, Correos=1"
67,0.005708386469909516,"Ejecutivo=0.0, Correos=2"
67,0.01542478897188316,"Ejecutivo=0.0, Correos=3"
67,0.023137183457824742,"Ejecutivo=0.0, Correos=4"
67,0.012175866885285724,"Ejecutivo=1.0, Correos=0"
67,0.012236594400923059,"Ejecutivo=1.0, Correos=1"
67,0.07244792615534099,"Ejecutivo=1.0, Correos=2"
48,0.005736714975845411,"Ejecutivo=0.0, Correos=0"
48,0.00783194261455131,"Ejecutivo=0.0, Correos=1"
48,0.00739276826233348,"Ejecutivo=0.0, Correos=2"
48,0.019424315619967793,"Ejecutivo=0.0, Correos=3"
48,0.031144781144781145,"Ejecutivo=0.0, Correos=4"
48,0.013522910262040697,"Ejecutivo=1.0, Correos=0"
48,0.015654735763431415,"Ejecutivo=1.0, Correos=1"
48,0.09939064558629776,"Ejecutivo=1.0, Correos=2"
15,0.009710743801652892,"Ejecutivo=0.0, Correos=0"
15,0.013911845730027548,"Ejecutivo=0.0, Correos=1"
15,0.011845730027548209,"Ejecutivo=0.0, Correos=2"
15,0.0256198347107438,"Ejecutivo=0.0, Correos=3"
15,0.04855371900826446,"Ejecutivo=0.0, Correos=4"
15,0.017630853994490357,"Ejecutivo=1.0, Correos=0"
15,0.021074380165289255,"Ejecutivo=1.0, Correos=1"
15,0.128099173553719,"Ejecutivo=1.0, Correos=2"
39,0.005414374290454982,"Ejecutivo=0.0, Correos=0"
39,0.007197333566209647,"Ejecutivo=0.0, Correos=1"
39,0.006549646319098768,"Ejecutivo=0.0, Correos=2"
39,0.01788053445113964,"Ejecutivo=0.0, Correos=3"
39,0.030273920763834308,"Ejecutivo=0.0, Correos=4"
39,0.014525660058801269,"Ejecutivo=1.0, Correos=0"
39,0.016956306581666813,"Ejecutivo=1.0, Correos=1"
39,0.10568945943585713,"Ejecutivo=1.0, Correos=2"
66,0.0049586776859504135,"Ejecutivo=0.0, Correos=0"
66,0.006336088154269973,"Ejecutivo=0.0, Correos=1"
66,0.00527089072543618,"Ejecutivo=0.0, Correos=2"
66,0.012451790633608815,"Ejecutivo=0.0, Correos=3"
66,0.021340679522497703,"Ejecutivo=0.0, Correos=4"
66,0.014398530762167126,"Ejecutivo=1.0, Correos=0"
66,0.016069788797061526,"Ejecutivo=1.0, Correos=1"
66,0.0945087235996327,"Ejecutivo=1.0, Correos=2"
99,0.014514896867838044,"Ejecutivo=0.0, Correos=0"
99,0.015703250997368644,"Ejecutivo=0.0, Correos=1"
99,0.01270407152760094,"Ejecutivo=0.0, Correos=2"
99,0.03156211979741391,"Ejecutivo=0.0, Correos=3"
99,0.05084458025634496,"Ejecutivo=0.0, Correos=4"
99,0.020159578983108394,"Ejecutivo=1.0, Correos=0"
99,0.02185722773958068,"Ejecutivo=1.0, Correos=1"
99,0.1259655377302436,"Ejecutivo=1.0, Correos=2"
14,0.005557138785978911,"Ejecutivo=0.0, Correos=0"
14,0.008691935024223425,"Ejecutivo=0.0, Correos=1"
14,0.0073145245559038665,"Ejecutivo=0.0, Correos=2"
14,0.020423672461290017,"Ejecutivo=0.0, Correos=3"
14,0.03481523700959438,"Ejecutivo=0.0, Correos=4"
14,0.012254203476774009,"Ejecutivo=1.0, Correos=0"
14,0.015436496627719199,"Ejecutivo=1.0, Correos=1"
14,0.08668186567873089,"Ejecutivo=1.0, Correos=2"
105,0.010176789964962957,"Ejecutivo=0.0, Correos=0"
105,0.01096579207788387,"Ejecutivo=0.0, Correos=1"
105,0.009254058680360534,"Ejecutivo=0.0, Correos=2"
105,0.02293455294337907,"Ejecutivo=0.0, Correos=3"
105,0.036909251384096925,"Ejecutivo=0.0, Correos=4"
105,0.01674289229452513,"Ejecutivo=1.0, Correos=0"
105,0.018080184011340233,"Ejecutivo=1.0, Correos=1"
105,0.10655540399582765,"Ejecutivo=1.0, Correos=2"
68,0.006218905472636816,"Ejecutivo=0.0, Correos=0"
68,0.006595808834614805,"Ejecutivo=0.0, Correos=1"
68,0.005151012613699181,"Ejecutivo=0.0, Correos=2"
68,0.013932860947786322,"Ejecutivo=0.0, Correos=3"
68,0.02248856726468667,"Ejecutivo=0.0, Correos=4"
68,0.012525755063068496,"Ejecutivo=1.0, Correos=0"
68,0.013518267249610532,"Ejecutivo=1.0, Correos=1"
68,0.0780189959294437,"Ejecutivo=1.0, Correos=2"
69,0.008847736625514403,"Ejecutivo=0.0, Correos=0"
69,0.011260755705200149,"Ejecutivo=0.0, Correos=1"
69,0.008062102506546952,"Ejecutivo=0.0, Correos=2"
69,0.022035166479610926,"Ejecutivo=0.0, Correos=3"
69,0.033950617283950615,"Ejecutivo=0.0, Correos=4"
69,0.019098391320613542,"Ejecutivo=1.0, Correos=0"
69,0.019865319865319864,"Ejecutivo=1.0, Correos=1"
69,0.11586232697343808,"Ejecutivo=1.0, Correos=2"
64,0.016233766233766232,"Ejecutivo=0.0, Correos=0"
64,0.016935766935766934,"Ejecutivo=0.0, Correos=1"
64,0.01404001404001404,"Ejecutivo=0.0, Correos=2"
64,0.03662103662103662,"Ejecutivo=0.0, Correos=3"
64,0.05700830700830701,"Ejecutivo=0.0, Correos=4"
64,0.016906516906516907,"Ejecutivo=1.0, Correos=0"
64,0.018281268281268283,"Ejecutivo=1.0, Correos=1"
64,0.10491985491985492,"Ejecutivo=1.0, Correos=2"
13,0.0065581184984170055,"Ejecutivo=0.0, Correos=0"
13,0.008480325644504749,"Ejecutivo=0.0, Correos=1"
13,0.007236544549977386,"Ejecutivo=0.0, Correos=2"
13,0.02091813658977838,"Ejecutivo=0.0, Correos=3"
13,0.03923563998190864,"Ejecutivo=0.0, Correos=4"
13,0.009950248756218905,"Ejecutivo=1.0, Correos=0"
13,0.013455450022614201,"Ejecutivo=1.0, Correos=1"
13,0.08039348710990502,"Ejecutivo=1.0, Correos=2"
8,0.011904761904761904,"Ejecutivo=0.0, Correos=0"
8,0.015151515151515152,"Ejecutivo=0.0, Correos=1"
8,0.0091991341991342,"Ejecutivo=0.0, Correos=2"
8,0.02922077922077922,"Ejecutivo=0.0, Correos=3"
8,0.050865800865800864,"Ejecutivo=0.0, Correos=4"
8,0.011363636363636364,"Ejecutivo=1.0, Correos=0"
8,0.01461038961038961,"Ejecutivo=1.0, Correos=1"
8,0.09361471861471861,"Ejecutivo=1.0, Correos=2"
6,0.010303030303030303,"Ejecutivo=0.0, Correos=0"
6,0.00787878787878788,"Ejecutivo=0.0, Correos=1"
6,0.015151515151515152,"Ejecutivo=0.0, Correos=2"
6,0.019393939393939394,"Ejecutivo=0.0, Correos=3"
6,0.040606060606060604,"Ejecutivo=0.0, Correos=4"
6,0.018787878787878787,"Ejecutivo=1.0, Correos=0"
6,0.02484848484848485,"Ejecutivo=1.0, Correos=1"
6,0.1290909090909091,"Ejecutivo=1.0, Correos=2"
45,0.014431300527557213,"Ejecutivo=0.0, Correos=0"
45,0.01803237364734691,"Ejecutivo=0.0, Correos=1"
45,0.014449305893156161,"Ejecutivo=0.0, Correos=2"
45,0.037118061182232306,"Ejecutivo=0.0, Correos=3"
45,0.061227245719224326,"Ejecutivo=0.0, Correos=4"
45,0.020184014836421252,"Ejecutivo=1.0, Correos=0"
45,0.023046867966654064,"Ejecutivo=1.0, Correos=1"
45,0.1370838509875943,"Ejecutivo=1.0, Correos=2"
93,0.0053666265006471195,"Ejecutivo=0.0, Correos=0"
93,0.006381934216985763,"Ejecutivo=0.0, Correos=1"
93,0.0050095952157807825,"Ejecutivo=0.0, Correos=2"
93,0.012931226848752623,"Ejecutivo=0.0, Correos=3"
93,0.02088633016468068,"Ejecutivo=0.0, Correos=4"
93,0.014894898915517473,"Ejecutivo=1.0, Correos=0"
93,0.016523854152720133,"Ejecutivo=1.0, Correos=1"
93,0.09224795822733967,"Ejecutivo=1.0, Correos=2"
17,0.010870610870610871,"Ejecutivo=0.0, Correos=0"
17,0.012794612794612794,"Ejecutivo=0.0, Correos=1"
17,0.012698412698412698,"Ejecutivo=0.0, Correos=2"
17,0.031265031265031266,"Ejecutivo=0.0, Correos=3"
17,0.050745550745550747,"Ejecutivo=0.0, Correos=4"
17,0.01697931697931698,"Ejecutivo=1.0, Correos=0"
17,0.017123617123617124,"Ejecutivo=1.0, Correos=1"
17,0.10548340548340548,"Ejecutivo=1.0, Correos=2"
11,0.0148975791433892,"Ejecutivo=0.0, Correos=0"
11,0.019129845945488402,"Ejecutivo=0.0, Correos=1"
11,0.015955645843914,"Ejecutivo=0.0, Correos=2"
11,0.04079905197223633,"Ejecutivo=0.0, Correos=3"
11,0.06657355679702048,"Ejecutivo=0.0, Correos=4"
11,0.017733197900795666,"Ejecutivo=1.0, Correos=0"
11,0.02010326730997122,"Ejecutivo=1.0, Correos=1"
11,0.12277805992889791,"Ejecutivo=1.0, Correos=2"
10,0.015581345368579412,"Ejecutivo=0.0, Correos=0"
10,0.017945411562432838,"Ejecutivo=0.0, Correos=1"
10,0.016548463356973995,"Ejecutivo=0.0, Correos=2"
10,0.04040404040404041,"Ejecutivo=0.0, Correos=3"
10,0.06683859875349236,"Ejecutivo=0.0, Correos=4"
10,0.017193208682570384,"Ejecutivo=1.0, Correos=0"
10,0.018267784225231034,"Ejecutivo=1.0, Correos=1"
10,0.11702127659574468,"Ejecutivo=1.0, Correos=2"
9,0.015916041145398945,"Ejecutivo=0.0, Correos=0"
9,0.01626355296080067,"Ejecutivo=0.0, Correos=1"
9,0.011745899360578259,"Ejecutivo=0.0, Correos=2"
9,0.03669724770642202,"Ejecutivo=0.0, Correos=3"
9,0.060884070058381985,"Ejecutivo=0.0, Correos=4"
9,0.020503197108701694,"Ejecutivo=1.0, Correos=0"
9,0.024047817625799276,"Ejecutivo=1.0, Correos=1"
9,0.14678899082568808,"Ejecutivo=1.0, Correos=2"
3,0.009259259259259259,"Ejecutivo=0.0, Correos=0"
3,0.0025252525252525255,"Ejecutivo=0.0, Correos=1"
3,0.003367003367003367,"Ejecutivo=0.0, Correos=2"
3,0.021043771043771045,"Ejecutivo=0.0, Correos=3"
3,0.030303030303030304,"Ejecutivo=0.0, Correos=4"
3,0.015993265993265993,"Ejecutivo=1.0, Correos=0"
3,0.015151515151515152,"Ejecutivo=1.0, Correos=1"
3,0.11195286195286196,"Ejecutivo=1.0, Correos=2"
7,0.011019283746556474,"Ejecutivo=0.0, Correos=0"
7,0.01652892561983471,"Ejecutivo=0.0, Correos=1"
7,0.006887052341597796,"Ejecutivo=0.0, Correos=2"
7,0.045454545454545456,"Ejecutivo=0.0, Correos=3"
7,0.06473829201101929,"Ejecutivo=0.0, Correos=4"
7,0.012396694214876033,"Ejecutivo=1.0, Correos=0"
7,0.013774104683195593,"Ejecutivo=1.0, Correos=1"
7,0.09366391184573003,"Ejecutivo=1.0, Correos=2"
57,0.006198347107438017,"Ejecutivo=0.0, Correos=0"
57,0.004132231404958678,"Ejecutivo=0.0, Correos=1"
57,0.0048209366391184574,"Ejecutivo=0.0, Correos=2"
57,0.012396694214876033,"Ejecutivo=0.0, Correos=3"
57,0.018767217630853993,"Ejecutivo=0.0, Correos=4"
57,0.015495867768595042,"Ejecutivo=1.0, Correos=0"
57,0.016701101928374654,"Ejecutivo=1.0, Correos=1"
57,0.10158402203856749,"Ejecutivo=1.0, Correos=2"
56,0.016260162601626018,"Ejecutivo=0.0, Correos=0"
56,0.013673318551367332,"Ejecutivo=0.0, Correos=1"
56,0.012564671101256468,"Ejecutivo=0.0, Correos=2"
56,0.03270509977827051,"Ejecutivo=0.0, Correos=3"
56,0.051736881005173686,"Ejecutivo=0.0, Correos=4"
56,0.018847006651884702,"Ejecutivo=1.0, Correos=0"
56,0.021433850702143386,"Ejecutivo=1.0, Correos=1"
56,0.1254619364375462,"Ejecutivo=1.0, Correos=2"
60,0.010454545454545454,"Ejecutivo=0.0, Correos=0"
60,0.009848484848484848,"Ejecutivo=0.0, Correos=1"
60,0.008484848484848486,"Ejecutivo=0.0, Correos=2"
60,0.02,"Ejecutivo=0.0, Correos=3"
60,0.02893939393939394,"Ejecutivo=0.0, Correos=4"
60,0.016363636363636365,"Ejecutivo=1.0, Correos=0"
60,0.02484848484848485,"Ejecutivo=1.0, Correos=1"
60,0.1321212121212121,"Ejecutivo=1.0, Correos=2"
62,0.010582010582010581,"Ejecutivo=0.0, Correos=0"
62,0.012265512265512266,"Ejecutivo=0.0, Correos=1"
62,0.009860509860509861,"Ejecutivo=0.0, Correos=2"
62,0.023088023088023088,"Ejecutivo=0.0, Correos=3"
62,0.036315536315536315,"Ejecutivo=0.0, Correos=4"
62,0.015873015873015872,"Ejecutivo=1.0, Correos=0"
62,0.01875901875901876,"Ejecutivo=1.0, Correos=1"
62,0.08513708513708514,"Ejecutivo=1.0, Correos=2"
5,0.005892255892255892,"Ejecutivo=0.0, Correos=0"
5,0.005892255892255892,"Ejecutivo=0.0, Correos=1"
5,0.008417508417508417,"Ejecutivo=0.0, Correos=2"
5,0.02441077441077441,"Ejecutivo=0.0, Correos=3"
5,0.034511784511784514,"Ejecutivo=0.0, Correos=4"
5,0.01936026936026936,"Ejecutivo=1.0, Correos=0"
5,0.016835016835016835,"Ejecutivo=1.0, Correos=1"
5,0.08585858585858586,"Ejecutivo=1.0, Correos=2"
55,0.011019283746556474,"Ejecutivo=0.0, Correos=0"
55,0.017447199265381085,"Ejecutivo=0.0, Correos=1"
55,0.01790633608815427,"Ejecutivo=0.0, Correos=2"
55,0.03764921946740129,"Ejecutivo=0.0, Correos=3"
55,0.049127640036730945,"Ejecutivo=0.0, Correos=4"
55,0.021120293847566574,"Ejecutivo=1.0, Correos=0"
55,0.019742883379247015,"Ejecutivo=1.0, Correos=1"
55,0.10238751147842057,"Ejecutivo=1.0, Correos=2"
16,0.010527351436442345,"Ejecutivo=0.0, Correos=0"
16,0.012593467138921684,"Ejecutivo=0.0, Correos=1"
16,0.010822510822510822,"Ejecutivo=0.0, Correos=2"
16,0.03473042109405746,"Ejecutivo=0.0, Correos=3"
16,0.052439984258166074,"Ejecutivo=0.0, Correos=4"
16,0.015249901613537977,"Ejecutivo=1.0, Correos=0"
16,0.015348288075560802,"Ejecutivo=1.0, Correos=1"
16,0.09110586383313656,"Ejecutivo=1.0, Correos=2"
54,0.011764705882352941,"Ejecutivo=0.0, Correos=0"
54,0.014438502673796792,"Ejecutivo=0.0, Correos=1"
54,0.011229946524064172,"Ejecutivo=0.0, Correos=2"
54,0.027629233511586453,"Ejecutivo=0.0, Correos=3"
54,0.04438502673796792,"Ejecutivo=0.0, Correos=4"
54,0.023885918003565064,"Ejecutivo=1.0, Correos=0"
54,0.025133689839572194,"Ejecutivo=1.0, Correos=1"
54,0.15204991087344027,"Ejecutivo=1.0, Correos=2"
1,0.026936026936026935,"Ejecutivo=0.0, Correos=0"
1,0.018518518518518517,"Ejecutivo=0.0, Correos=1"
1,0.016835016835016835,"Ejecutivo=0.0, Correos=2"
1,0.05218855218855219,"Ejecutivo=0.0, Correos=3"
1,0.07407407407407407,"Ejecutivo=0.0, Correos=4"
1,0.010101010101010102,"Ejecutivo=1.0, Correos=0"
1,0.02861952861952862,"Ejecutivo=1.0, Correos=1"
1,0.12289562289562289,"Ejecutivo=1.0, Correos=2"
0,0.015151515151515152,"Ejecutivo=0.0, Correos=0"
0,0.014029180695847363,"Ejecutivo=0.0, Correos=1"
0,0.010101010101010102,"Ejecutivo=0.0, Correos=2"
0,0.03591470258136925,"Ejecutivo=0.0, Correos=3"
0,0.05387205387205387,"Ejecutivo=0.0, Correos=4"
0,0.014029180695847363,"Ejecutivo=1.0, Correos=0"
0,0.021885521885521887,"Ejecutivo=1.0, Correos=1"
0,0.15993265993265993,"Ejecutivo=1.0, Correos=2"
59,0.005793226381461676,"Ejecutivo=0.0, Correos=0"
59,0.0066844919786096255,"Ejecutivo=0.0, Correos=1"
59,0.0066844919786096255,"Ejecutivo=0.0, Correos=2"
59,0.016711229946524065,"Ejecutivo=0.0, Correos=3"
59,0.022950089126559714,"Ejecutivo=0.0, Correos=4"
59,0.012923351158645277,"Ejecutivo=1.0, Correos=0"
59,0.014483065953654188,"Ejecutivo=1.0, Correos=1"
59,0.07932263814616755,"Ejecutivo=1.0, Correos=2"
61,0.014568764568764568,"Ejecutivo=0.0, Correos=0"
61,0.007575757575757576,"Ejecutivo=0.0, Correos=1"
61,0.009324009324009324,"Ejecutivo=0.0, Correos=2"
61,0.019813519813519812,"Ejecutivo=0.0, Correos=3"
61,0.03613053613053613,"Ejecutivo=0.0, Correos=4"
61,0.0168997668997669,"Ejecutivo=1.0, Correos=0"
61,0.024475524475524476,"Ejecutivo=1.0, Correos=1"
61,0.09557109557109557,"Ejecutivo=1.0, Correos=2"
58,0.006060606060606061,"Ejecutivo=0.0, Correos=0"
58,0.006666666666666667,"Ejecutivo=0.0, Correos=1"
58,0.006666666666666667,"Ejecutivo=0.0, Correos=2"
58,0.01818181818181818,"Ejecutivo=0.0, Correos=3"
58,0.03212121212121212,"Ejecutivo=0.0, Correos=4"
58,0.01090909090909091,"Ejecutivo=1.0, Correos=0"
58,0.013333333333333334,"Ejecutivo=1.0, Correos=1"
58,0.08727272727272728,"Ejecutivo=1.0, Correos=2"
2,0.016414141414141416,"Ejecutivo=0.0, Correos=0"
2,0.026515151515151516,"Ejecutivo=0.0, Correos=1"
2,0.022727272727272728,"Ejecutivo=0.0, Correos=2"
2,0.041666666666666664,"Ejecutivo=0.0, Correos=3"
2,0.06691919191919192,"Ejecutivo=0.0, Correos=4"
2,0.013888888888888888,"Ejecutivo=1.0, Correos=0"
2,0.027777777777777776,"Ejecutivo=1.0, Correos=1"
2,0.13257575757575757,"Ejecutivo=1.0, Correos=2"
4,0.0021645021645021645,"Ejecutivo=0.0, Correos=0"
4,0.004329004329004329,"Ejecutivo=0.0, Correos=1"
4,0.0021645021645021645,"Ejecutivo=0.0, Correos=2"
4,0.017316017316017316,"Ejecutivo=0.0, Correos=3"
4,0.023809523809523808,"Ejecutivo=0.0, Correos=4"
4,0.017316017316017316,"Ejecutivo=1.0, Correos=0"
4,0.030303030303030304,"Ejecutivo=1.0, Correos=1"
4,0.07142857142857142,"Ejecutivo=1.0, Correos=2"
